Product_ID,Product_Name,Category
2048,Milk,Dairy
2049,Fish,Household
2050,Shampoo,Household
2051,Fish,Frozen Foods
2052,Bread,Beverages
2053,Rice,Beverages
2054,Chicken,Frozen Foods
2055,Rice,Household
2056,Bread,Personal Care
2057,Juice,Personal Care
2058,Shampoo,Groceries
2059,Rice,Beverages
2060,Soap,Snacks
2061,Fish,Snacks
2062,Rice,Snacks
2063,Juice,Personal Care
2064,Fish,Groceries
2065,Juice,Groceries
2066,Rice,Personal Care
2067,Soap,Frozen Foods
2068,Bread,Personal Care
2069,Pasta,Groceries
2070,Fish,Groceries
2071,Shampoo,Household
2072,Soap,Snacks
2073,Bread,Groceries
2074,Milk,Dairy
2075,Juice,Beverages
2076,Eggs,Frozen Foods
2077,Juice,Household
2078,Rice,Personal Care
2079,Eggs,Groceries
2080,Fish,Dairy
2081,Juice,Frozen Foods
2082,Eggs,Beverages
2083,Juice,Frozen Foods
2084,Shampoo,Dairy
2085,Pasta,Dairy
2086,Pasta,Beverages
2087,Fish,Frozen Foods
2088,Rice,Frozen Foods
2089,Milk,Household
2090,Fish,Beverages
2091,Shampoo,Beverages
2092,Rice,Dairy
2093,Juice,Frozen Foods
2094,Pasta,Dairy
2095,Eggs,Beverages
2096,Rice,Beverages
2097,Juice,Personal Care
2098,Milk,Snacks
2099,Juice,Beverages
2100,Juice,Snacks
2101,Chicken,Snacks
2102,Pasta,Snacks
2103,Fish,Dairy
2104,Soap,Snacks
2105,Eggs,Dairy
2106,Chicken,Household
2107,Chicken,Personal Care
2108,Soap,Beverages
2109,Soap,Snacks
2110,Fish,Frozen Foods
2111,Chicken,Personal Care
2112,Shampoo,Frozen Foods
2113,Milk,Frozen Foods
2114,Milk,Groceries
2115,Bread,Household
2116,Juice,Household
2117,Rice,Dairy
2118,Milk,Snacks
2119,Eggs,Beverages
2120,Chicken,Household
2121,Juice,Frozen Foods
2122,Rice,Dairy
2123,Eggs,Household
2124,Fish,Personal Care
2125,Rice,Beverages
2126,Juice,Dairy
2127,Chicken,Household
2128,Rice,Frozen Foods
2129,Chicken,Frozen Foods
2130,Milk,Personal Care
2131,Soap,Dairy
2132,Bread,Groceries
2133,Juice,Groceries
2134,Chicken,Dairy
2135,Pasta,Snacks
2136,Soap,Personal Care
2137,Shampoo,Beverages
2138,Shampoo,Dairy
2139,Chicken,Groceries
2140,Fish,Beverages
2141,Soap,Groceries
2142,Juice,Snacks
2143,Pasta,Personal Care
2144,Bread,Dairy
2145,Bread,Beverages
2146,Milk,Household
2147,Fish,Personal Care
2148,Bread,Household
2149,Soap,Frozen Foods
2150,Fish,Household
2151,Eggs,Household
2152,Eggs,Household
2153,Rice,Frozen Foods
2154,Shampoo,Personal Care
2155,Bread,Snacks
2156,Soap,Groceries
2157,Eggs,Beverages
2158,Rice,Personal Care
2159,Bread,Dairy
2160,Bread,Household
2161,Chicken,Household
2162,Fish,Personal Care
2163,Soap,Dairy
2164,Rice,Beverages
2165,Chicken,Groceries
2166,Shampoo,Snacks
2167,Juice,Household
2168,Rice,Beverages
2169,Chicken,Frozen Foods
2170,Rice,Frozen Foods
2171,Pasta,Household
2172,Chicken,Groceries
2173,Bread,Household
2174,Bread,Personal Care
2175,Fish,Groceries
2176,Rice,Beverages
2177,Soap,Personal Care
2178,Eggs,Personal Care
2179,Eggs,Personal Care
2180,Pasta,Dairy
2181,Eggs,Dairy
2182,Pasta,Frozen Foods
2183,Pasta,Frozen Foods
2184,Pasta,Personal Care
2185,Fish,Snacks
2186,Chicken,Dairy
2187,Fish,Beverages
2188,Chicken,Dairy
2189,Shampoo,Groceries
2190,Fish,Dairy
2191,Shampoo,Dairy
2192,Soap,Snacks
2193,Rice,Household
2194,Fish,Frozen Foods
2195,Eggs,Household
2196,Eggs,Personal Care
2197,Soap,Personal Care
2198,Milk,Groceries
2199,Eggs,Household
2200,Fish,Beverages
2201,Juice,Personal Care
2202,Pasta,Household
2203,Bread,Dairy
2204,Soap,Household
2205,Milk,Beverages
2206,Chicken,Household
2207,Soap,Snacks
2208,Eggs,Snacks
2209,Milk,Personal Care
2210,Eggs,Household
2211,Milk,Snacks
2212,Bread,Personal Care
2213,Eggs,Groceries
2214,Milk,Beverages
2215,Bread,Personal Care
2216,Rice,Household
2217,Pasta,Beverages
2218,Chicken,Beverages
2219,Milk,Household
2220,Pasta,Frozen Foods
2221,Milk,Dairy
2222,Pasta,Frozen Foods
2223,Bread,Dairy
2224,Fish,Household
2225,Pasta,Frozen Foods
2226,Rice,Snacks
2227,Chicken,Beverages
2228,Pasta,Groceries
2229,Bread,Frozen Foods
2230,Bread,Groceries
2231,Pasta,Dairy
2232,Bread,Frozen Foods
2233,Soap,Snacks
2234,Shampoo,Personal Care
2235,Pasta,Household
2236,Milk,Personal Care
2237,Pasta,Frozen Foods
2238,Rice,Groceries
2239,Eggs,Frozen Foods
2240,Soap,Household
2241,Eggs,Frozen Foods
2242,Chicken,Personal Care
2243,Shampoo,Dairy
2244,Eggs,Household
2245,Pasta,Snacks
2246,Shampoo,Beverages
2247,Eggs,Snacks
2248,Shampoo,Personal Care
2249,Soap,Dairy
2250,Chicken,Groceries
2251,Rice,Household
2252,Eggs,Dairy
2253,Eggs,Groceries
2254,Chicken,Frozen Foods
2255,Soap,Snacks
2256,Fish,Dairy
2257,Milk,Groceries
2258,Pasta,Dairy
2259,Juice,Frozen Foods
2260,Fish,Snacks
2261,Pasta,Snacks
2262,Pasta,Frozen Foods
2263,Fish,Snacks
2264,Juice,Snacks
2265,Soap,Beverages
2266,Milk,Personal Care
2267,Fish,Groceries
2268,Bread,Dairy
2269,Pasta,Dairy
2270,Milk,Dairy
2271,Milk,Dairy
2272,Pasta,Beverages
2273,Chicken,Dairy
2274,Milk,Snacks
2275,Chicken,Frozen Foods
2276,Rice,Household
2277,Fish,Dairy
2278,Shampoo,Personal Care
2279,Shampoo,Personal Care
2280,Bread,Snacks
2281,Juice,Personal Care
2282,Eggs,Beverages
2283,Juice,Frozen Foods
2284,Soap,Household
2285,Bread,Dairy
2286,Bread,Frozen Foods
2287,Soap,Personal Care
2288,Milk,Dairy
2289,Juice,Groceries
2290,Pasta,Beverages
2291,Rice,Dairy
2292,Pasta,Household
2293,Chicken,Beverages
2294,Soap,Beverages
2295,Soap,Beverages
2296,Fish,Snacks
2297,Milk,Snacks
2298,Bread,Dairy
2299,Milk,Personal Care
2300,Rice,Snacks
2301,Eggs,Household
2302,Fish,Dairy
2303,Juice,Groceries
2304,Soap,Groceries
2305,Pasta,Snacks
2306,Milk,Beverages
2307,Eggs,Groceries
2308,Soap,Snacks
2309,Chicken,Personal Care
2310,Milk,Personal Care
2311,Rice,Personal Care
2312,Bread,Groceries
2313,Milk,Frozen Foods
2314,Milk,Beverages
2315,Milk,Dairy
2316,Juice,Personal Care
2317,Rice,Groceries
2318,Bread,Personal Care
2319,Pasta,Household
2320,Juice,Beverages
2321,Soap,Beverages
2322,Fish,Household
2323,Rice,Snacks
2324,Shampoo,Beverages
2325,Chicken,Personal Care
2326,Pasta,Beverages
2327,Pasta,Household
2328,Juice,Groceries
2329,Soap,Frozen Foods
2330,Chicken,Dairy
2331,Shampoo,Groceries
2332,Pasta,Personal Care
2333,Bread,Groceries
2334,Juice,Personal Care
2335,Chicken,Personal Care
2336,Rice,Snacks
2337,Chicken,Frozen Foods
2338,Shampoo,Household
2339,Shampoo,Personal Care
2340,Bread,Frozen Foods
2341,Eggs,Household
2342,Fish,Frozen Foods
2343,Chicken,Snacks
2344,Pasta,Household
2345,Eggs,Personal Care
2346,Juice,Household
2347,Shampoo,Frozen Foods
2348,Chicken,Frozen Foods
2349,Fish,Personal Care
2350,Milk,Beverages
2351,Chicken,Groceries
2352,Milk,Frozen Foods
2353,Shampoo,Household
2354,Soap,Beverages
2355,Shampoo,Snacks
2356,Juice,Groceries
2357,Shampoo,Personal Care
2358,Shampoo,Frozen Foods
2359,Shampoo,Snacks
2360,Chicken,Beverages
2361,Bread,Frozen Foods
2362,Soap,Personal Care
2363,Milk,Snacks
2364,Juice,Beverages
2365,Eggs,Household
2366,Bread,Beverages
2367,Bread,Frozen Foods
2368,Pasta,Snacks
2369,Soap,Dairy
2370,Eggs,Beverages
2371,Fish,Personal Care
2372,Bread,Beverages
2373,Fish,Beverages
2374,Rice,Snacks
2375,Juice,Frozen Foods
2376,Chicken,Household
2377,Milk,Household
2378,Milk,Groceries
2379,Pasta,Beverages
2380,Chicken,Frozen Foods
2381,Milk,Dairy
2382,Shampoo,Household
2383,Milk,Beverages
2384,Eggs,Beverages
2385,Bread,Groceries
2386,Eggs,Groceries
2387,Juice,Dairy
2388,Milk,Frozen Foods
2389,Chicken,Household
2390,Shampoo,Groceries
2391,Milk,Personal Care
2392,Bread,Personal Care
2393,Rice,Groceries
2394,Bread,Snacks
2395,Eggs,Beverages
2396,Shampoo,Dairy
2397,Eggs,Snacks
2398,Soap,Groceries
2399,Chicken,Groceries
2400,Fish,Personal Care
2401,Soap,Frozen Foods
2402,Bread,Frozen Foods
2403,Eggs,Dairy
2404,Eggs,Groceries
2405,Fish,Beverages
2406,Milk,Personal Care
2407,Bread,Frozen Foods
2408,Juice,Beverages
2409,Pasta,Household
2410,Rice,Personal Care
2411,Soap,Frozen Foods
2412,Pasta,Dairy
2413,Rice,Household
2414,Eggs,Groceries
2415,Pasta,Dairy
2416,Bread,Beverages
2417,Chicken,Dairy
2418,Juice,Personal Care
2419,Fish,Beverages
2420,Fish,Frozen Foods
2421,Pasta,Frozen Foods
2422,Chicken,Personal Care
2423,Fish,Household
2424,Bread,Frozen Foods
2425,Pasta,Frozen Foods
2426,Chicken,Beverages
2427,Eggs,Personal Care
2428,Juice,Personal Care
2429,Shampoo,Personal Care
2430,Shampoo,Groceries
2431,Bread,Snacks
2432,Milk,Household
2433,Juice,Snacks
2434,Fish,Frozen Foods
2435,Shampoo,Personal Care
2436,Eggs,Personal Care
2437,Juice,Dairy
2438,Pasta,Personal Care
2439,Fish,Frozen Foods
2440,Bread,Snacks
2441,Shampoo,Household
2442,Rice,Personal Care
2443,Shampoo,Dairy
2444,Juice,Groceries
2445,Bread,Frozen Foods
2446,Juice,Snacks
2447,Fish,Dairy
2448,Chicken,Personal Care
2449,Fish,Groceries
2450,Fish,Snacks
2451,Milk,Household
2452,Chicken,Dairy
2453,Rice,Dairy
2454,Shampoo,Frozen Foods
2455,Rice,Personal Care
2456,Eggs,Dairy
2457,Bread,Frozen Foods
2458,Pasta,Snacks
2459,Milk,Household
2460,Eggs,Household
2461,Milk,Frozen Foods
2462,Shampoo,Beverages
2463,Shampoo,Dairy
2464,Rice,Personal Care
2465,Shampoo,Dairy
2466,Rice,Personal Care
2467,Eggs,Snacks
2468,Pasta,Groceries
2469,Shampoo,Dairy
2470,Pasta,Dairy
2471,Eggs,Snacks
2472,Soap,Beverages
2473,Chicken,Frozen Foods
2474,Shampoo,Personal Care
2475,Eggs,Personal Care
2476,Rice,Personal Care
2477,Chicken,Personal Care
2478,Rice,Household
2479,Pasta,Household
2480,Milk,Beverages
2481,Shampoo,Household
2482,Juice,Dairy
2483,Eggs,Dairy
2484,Chicken,Beverages
2485,Pasta,Household
2486,Rice,Personal Care
2487,Bread,Beverages
2488,Chicken,Dairy
2489,Bread,Frozen Foods
2490,Soap,Snacks
2491,Bread,Beverages
2492,Bread,Household
2493,Pasta,Frozen Foods
2494,Shampoo,Dairy
2495,Pasta,Beverages
2496,Rice,Dairy
2497,Pasta,Personal Care
2498,Milk,Personal Care
2499,Milk,Household
2500,Eggs,Dairy
2501,Shampoo,Frozen Foods
2502,Shampoo,Personal Care
2503,Bread,Personal Care
2504,Rice,Groceries
2505,Rice,Beverages
2506,Shampoo,Groceries
2507,Eggs,Personal Care
2508,Milk,Groceries
2509,Eggs,Snacks
2510,Soap,Dairy
2511,Bread,Dairy
2512,Pasta,Beverages
2513,Fish,Beverages
2514,Shampoo,Household
2515,Rice,Frozen Foods
2516,Soap,Personal Care
2517,Fish,Frozen Foods
2518,Rice,Dairy
2519,Soap,Groceries
2520,Bread,Beverages
2521,Juice,Frozen Foods
2522,Eggs,Groceries
2523,Pasta,Groceries
2524,Milk,Household
2525,Soap,Snacks
2526,Juice,Groceries
2527,Soap,Beverages
2528,Rice,Personal Care
2529,Pasta,Personal Care
2530,Eggs,Household
2531,Milk,Household
2532,Soap,Groceries
2533,Chicken,Personal Care
2534,Shampoo,Personal Care
2535,Eggs,Personal Care
2536,Soap,Beverages
2537,Pasta,Beverages
2538,Shampoo,Household
2539,Fish,Dairy
2540,Fish,Household
2541,Fish,Snacks
2542,Eggs,Personal Care
2543,Soap,Personal Care
2544,Soap,Beverages
2545,Juice,Beverages
2546,Soap,Personal Care
2547,Fish,Personal Care
2548,Rice,Personal Care
2549,Shampoo,Personal Care
2550,Fish,Beverages
2551,Shampoo,Snacks
2552,Chicken,Frozen Foods
2553,Bread,Beverages
2554,Bread,Groceries
2555,Rice,Dairy
2556,Pasta,Dairy
2557,Fish,Personal Care
2558,Fish,Personal Care
2559,Chicken,Household
2560,Fish,Snacks
2561,Bread,Dairy
2562,Eggs,Snacks
2563,Chicken,Snacks
2564,Pasta,Dairy
2565,Milk,Personal Care
2566,Rice,Snacks
2567,Rice,Frozen Foods
2568,Rice,Frozen Foods
2569,Soap,Household
2570,Bread,Household
2571,Milk,Dairy
2572,Chicken,Household
2573,Chicken,Dairy
2574,Pasta,Household
2575,Juice,Dairy
2576,Milk,Dairy
2577,Chicken,Dairy
2578,Fish,Groceries
2579,Milk,Snacks
2580,Rice,Household
2581,Milk,Personal Care
2582,Chicken,Beverages
2583,Eggs,Snacks
2584,Fish,Personal Care
2585,Juice,Snacks
2586,Fish,Snacks
2587,Shampoo,Frozen Foods
2588,Shampoo,Frozen Foods
2589,Soap,Snacks
2590,Eggs,Dairy
2591,Chicken,Frozen Foods
2592,Fish,Beverages
2593,Soap,Snacks
2594,Juice,Groceries
2595,Pasta,Beverages
2596,Juice,Groceries
2597,Juice,Groceries
2598,Rice,Personal Care
2599,Bread,Personal Care
2600,Pasta,Personal Care
2601,Chicken,Household
2602,Shampoo,Personal Care
2603,Milk,Dairy
2604,Juice,Household
2605,Chicken,Dairy
2606,Milk,Dairy
2607,Fish,Groceries
2608,Fish,Groceries
2609,Fish,Personal Care
2610,Soap,Beverages
2611,Rice,Household
2612,Milk,Personal Care
2613,Milk,Dairy
2614,Pasta,Household
2615,Rice,Household
2616,Shampoo,Groceries
2617,Milk,Personal Care
2618,Pasta,Groceries
2619,Shampoo,Frozen Foods
2620,Pasta,Beverages
2621,Fish,Beverages
2622,Rice,Dairy
2623,Chicken,Beverages
2624,Pasta,Dairy
2625,Shampoo,Frozen Foods
2626,Juice,Frozen Foods
2627,Juice,Personal Care
2628,Juice,Beverages
2629,Chicken,Frozen Foods
2630,Eggs,Beverages
2631,Pasta,Household
2632,Rice,Household
2633,Eggs,Beverages
2634,Milk,Groceries
2635,Rice,Personal Care
2636,Shampoo,Household
2637,Eggs,Dairy
2638,Soap,Household
2639,Soap,Household
2640,Fish,Frozen Foods
2641,Chicken,Frozen Foods
2642,Juice,Groceries
2643,Soap,Household
2644,Chicken,Personal Care
2645,Rice,Beverages
2646,Soap,Snacks
2647,Milk,Frozen Foods
2648,Soap,Groceries
2649,Soap,Household
2650,Pasta,Snacks
2651,Fish,Snacks
2652,Juice,Groceries
2653,Shampoo,Snacks
2654,Bread,Frozen Foods
2655,Fish,Household
2656,Shampoo,Personal Care
2657,Pasta,Snacks
2658,Milk,Frozen Foods
2659,Juice,Personal Care
2660,Soap,Dairy
2661,Juice,Personal Care
2662,Soap,Beverages
2663,Milk,Personal Care
2664,Shampoo,Personal Care
2665,Fish,Beverages
2666,Rice,Dairy
2667,Fish,Groceries
2668,Rice,Dairy
2669,Eggs,Personal Care
2670,Bread,Dairy
2671,Fish,Frozen Foods
2672,Soap,Groceries
2673,Chicken,Groceries
2674,Chicken,Snacks
2675,Fish,Snacks
2676,Rice,Groceries
2677,Pasta,Household
2678,Soap,Personal Care
2679,Bread,Groceries
2680,Rice,Snacks
2681,Eggs,Personal Care
2682,Rice,Frozen Foods
2683,Milk,Household
2684,Eggs,Snacks
2685,Fish,Beverages
2686,Soap,Snacks
2687,Eggs,Groceries
2688,Bread,Beverages
2689,Rice,Snacks
2690,Eggs,Snacks
2691,Juice,Household
2692,Soap,Household
2693,Juice,Beverages
2694,Pasta,Snacks
2695,Soap,Household
2696,Pasta,Frozen Foods
2697,Fish,Frozen Foods
2698,Pasta,Dairy
2699,Chicken,Beverages
2700,Bread,Household
2701,Soap,Beverages
2702,Juice,Snacks
2703,Bread,Household
2704,Fish,Personal Care
2705,Fish,Household
2706,Bread,Beverages
2707,Pasta,Household
2708,Fish,Household
2709,Bread,Groceries
2710,Shampoo,Personal Care
2711,Fish,Dairy
2712,Soap,Groceries
2713,Soap,Dairy
2714,Juice,Household
2715,Chicken,Frozen Foods
2716,Eggs,Snacks
2717,Soap,Personal Care
2718,Fish,Beverages
2719,Soap,Frozen Foods
2720,Pasta,Snacks
2721,Shampoo,Personal Care
2722,Bread,Frozen Foods
2723,Fish,Frozen Foods
2724,Bread,Snacks
2725,Milk,Frozen Foods
2726,Chicken,Frozen Foods
2727,Chicken,Dairy
2728,Chicken,Groceries
2729,Shampoo,Personal Care
2730,Pasta,Dairy
2731,Juice,Personal Care
2732,Soap,Dairy
2733,Pasta,Household
2734,Pasta,Frozen Foods
2735,Juice,Frozen Foods
2736,Milk,Groceries
2737,Milk,Dairy
2738,Rice,Snacks
2739,Rice,Personal Care
2740,Shampoo,Personal Care
2741,Pasta,Dairy
2742,Bread,Beverages
2743,Soap,Frozen Foods
2744,Fish,Frozen Foods
2745,Pasta,Snacks
2746,Juice,Personal Care
2747,Milk,Beverages
2748,Shampoo,Household
2749,Milk,Snacks
2750,Chicken,Groceries
2751,Fish,Dairy
2752,Shampoo,Snacks
2753,Eggs,Snacks
2754,Eggs,Dairy
2755,Juice,Dairy
2756,Pasta,Frozen Foods
2757,Soap,Beverages
2758,Chicken,Beverages
2759,Soap,Groceries
2760,Soap,Dairy
2761,Pasta,Beverages
2762,Chicken,Personal Care
2763,Milk,Frozen Foods
2764,Fish,Snacks
2765,Eggs,Dairy
2766,Juice,Personal Care
2767,Chicken,Snacks
2768,Milk,Frozen Foods
2769,Juice,Personal Care
2770,Bread,Dairy
2771,Shampoo,Snacks
2772,Eggs,Frozen Foods
2773,Fish,Frozen Foods
2774,Soap,Personal Care
2775,Eggs,Dairy
2776,Juice,Snacks
2777,Fish,Personal Care
2778,Chicken,Household
2779,Chicken,Personal Care
2780,Rice,Dairy
2781,Bread,Dairy
2782,Soap,Household
2783,Rice,Groceries
2784,Eggs,Frozen Foods
2785,Shampoo,Frozen Foods
2786,Rice,Groceries
2787,Soap,Groceries
2788,Soap,Groceries
2789,Pasta,Frozen Foods
2790,Juice,Personal Care
2791,Fish,Household
2792,Rice,Dairy
2793,Chicken,Personal Care
2794,Chicken,Household
2795,Rice,Groceries
2796,Bread,Household
2797,Milk,Household
2798,Eggs,Frozen Foods
2799,Bread,Frozen Foods
2800,Eggs,Dairy
2801,Pasta,Household
2802,Shampoo,Snacks
2803,Pasta,Frozen Foods
2804,Eggs,Beverages
2805,Soap,Groceries
2806,Fish,Snacks
2807,Pasta,Household
2808,Bread,Snacks
2809,Pasta,Dairy
2810,Eggs,Frozen Foods
2811,Chicken,Snacks
2812,Juice,Dairy
2813,Eggs,Groceries
2814,Milk,Personal Care
2815,Fish,Household
2816,Pasta,Frozen Foods
2817,Bread,Groceries
2818,Soap,Personal Care
2819,Pasta,Groceries
2820,Chicken,Beverages
2821,Soap,Snacks
2822,Shampoo,Beverages
2823,Fish,Personal Care
2824,Rice,Snacks
2825,Rice,Beverages
2826,Pasta,Snacks
2827,Milk,Groceries
2828,Soap,Household
2829,Milk,Dairy
2830,Pasta,Groceries
2831,Chicken,Frozen Foods
2832,Bread,Household
2833,Pasta,Frozen Foods
2834,Fish,Personal Care
2835,Pasta,Snacks
2836,Milk,Household
2837,Fish,Snacks
2838,Pasta,Dairy
2839,Shampoo,Dairy
2840,Juice,Beverages
2841,Rice,Personal Care
2842,Eggs,Frozen Foods
2843,Juice,Groceries
2844,Fish,Snacks
2845,Eggs,Personal Care
2846,Shampoo,Household
2847,Fish,Groceries
2848,Milk,Groceries
2849,Bread,Frozen Foods
2850,Pasta,Personal Care
2851,Soap,Personal Care
2852,Chicken,Dairy
2853,Juice,Beverages
2854,Pasta,Snacks
2855,Shampoo,Personal Care
2856,Milk,Dairy
2857,Eggs,Frozen Foods
2858,Bread,Beverages
2859,Chicken,Groceries
2860,Shampoo,Beverages
2861,Shampoo,Frozen Foods
2862,Shampoo,Groceries
2863,Chicken,Dairy
2864,Fish,Household
2865,Bread,Groceries
2866,Rice,Snacks
2867,Juice,Snacks
2868,Rice,Frozen Foods
2869,Juice,Personal Care
2870,Soap,Snacks
2871,Juice,Snacks
2872,Eggs,Dairy
2873,Shampoo,Personal Care
2874,Bread,Household
2875,Soap,Personal Care
2876,Pasta,Groceries
2877,Juice,Groceries
2878,Bread,Frozen Foods
2879,Pasta,Beverages
2880,Juice,Frozen Foods
2881,Shampoo,Snacks
2882,Rice,Dairy
2883,Bread,Personal Care
2884,Fish,Personal Care
2885,Chicken,Groceries
2886,Soap,Snacks
2887,Pasta,Personal Care
2888,Fish,Beverages
2889,Milk,Household
2890,Rice,Beverages
2891,Bread,Frozen Foods
2892,Soap,Household
2893,Eggs,Household
2894,Pasta,Household
2895,Chicken,Household
2896,Shampoo,Dairy
2897,Eggs,Frozen Foods
2898,Rice,Household
2899,Shampoo,Household
2900,Shampoo,Frozen Foods
2901,Juice,Dairy
2902,Rice,Snacks
2903,Milk,Beverages
2904,Juice,Snacks
2905,Juice,Household
2906,Shampoo,Beverages
2907,Chicken,Frozen Foods
2908,Soap,Groceries
2909,Pasta,Personal Care
2910,Chicken,Dairy
2911,Chicken,Dairy
2912,Rice,Household
2913,Pasta,Dairy
2914,Pasta,Personal Care
2915,Rice,Groceries
2916,Rice,Dairy
2917,Milk,Household
2918,Fish,Household
2919,Bread,Dairy
2920,Rice,Frozen Foods
2921,Chicken,Beverages
2922,Fish,Frozen Foods
2923,Chicken,Personal Care
2924,Eggs,Dairy
2925,Rice,Groceries
2926,Eggs,Snacks
2927,Juice,Personal Care
2928,Chicken,Personal Care
2929,Soap,Groceries
2930,Bread,Frozen Foods
2931,Eggs,Frozen Foods
2932,Fish,Snacks
2933,Milk,Beverages
2934,Soap,Personal Care
2935,Chicken,Snacks
2936,Juice,Groceries
2937,Bread,Dairy
2938,Juice,Beverages
2939,Bread,Groceries
2940,Soap,Dairy
2941,Fish,Personal Care
2942,Juice,Personal Care
2943,Fish,Beverages
2944,Pasta,Snacks
2945,Fish,Personal Care
2946,Pasta,Snacks
2947,Rice,Dairy
2948,Milk,Groceries
2949,Pasta,Beverages
2950,Shampoo,Personal Care
2951,Fish,Snacks
2952,Milk,Beverages
2953,Soap,Groceries
2954,Juice,Snacks
2955,Fish,Snacks
2956,Rice,Beverages
2957,Juice,Frozen Foods
2958,Soap,Beverages
2959,Pasta,Dairy
2960,Fish,Frozen Foods
2961,Milk,Frozen Foods
2962,Eggs,Personal Care
2963,Shampoo,Beverages
2964,Pasta,Beverages
2965,Shampoo,Dairy
2966,Fish,Personal Care
2967,Bread,Household
2968,Rice,Personal Care
2969,Bread,Groceries
2970,Eggs,Dairy
2971,Juice,Beverages
2972,Eggs,Dairy
2973,Juice,Frozen Foods
2974,Rice,Dairy
2975,Milk,Personal Care
2976,Chicken,Snacks
2977,Chicken,Frozen Foods
2978,Chicken,Household
2979,Bread,Groceries
2980,Eggs,Groceries
2981,Bread,Beverages
2982,Soap,Frozen Foods
2983,Soap,Beverages
2984,Soap,Household
2985,Chicken,Dairy
2986,Bread,Groceries
2987,Juice,Frozen Foods
2988,Rice,Beverages
2989,Soap,Dairy
2990,Eggs,Frozen Foods
2991,Milk,Household
2992,Milk,Household
2993,Rice,Personal Care
2994,Fish,Groceries
2995,Milk,Groceries
2996,Juice,Frozen Foods
2997,Rice,Snacks
2998,Shampoo,Groceries
2999,Shampoo,Snacks
2000,Fish,Household
2001,Pasta,Household
2002,Chicken,Frozen Foods
2003,Soap,Household
2004,Eggs,Dairy
2005,Eggs,Household
2006,Milk,Personal Care
2007,Chicken,Dairy
2008,Shampoo,Frozen Foods
2009,Milk,Personal Care
2010,Fish,Groceries
2011,Juice,Personal Care
2012,Chicken,Dairy
2013,Milk,Snacks
2014,Chicken,Personal Care
2015,Soap,Dairy
2016,Pasta,Snacks
2017,Juice,Groceries
2018,Chicken,Snacks
2019,Pasta,Household
2020,Eggs,Household
2021,Pasta,Snacks
2022,Shampoo,Beverages
2023,Bread,Groceries
2024,Pasta,Dairy
2025,Eggs,Groceries
2026,Pasta,Frozen Foods
2027,Bread,Personal Care
2028,Rice,Frozen Foods
2029,Juice,Personal Care
2030,Eggs,Snacks
2031,Eggs,Beverages
2032,Juice,Beverages
2033,Shampoo,Personal Care
2034,Rice,Dairy
2035,Milk,Dairy
2036,Milk,Snacks
2037,Shampoo,Frozen Foods
2038,Juice,Beverages
2039,Milk,Frozen Foods
2040,Pasta,Groceries
2041,Soap,Dairy
2042,Pasta,Dairy
2043,Fish,Groceries
2044,Chicken,Beverages
2045,Chicken,Groceries
2046,Eggs,Beverages
2047,Shampoo,Dairy
