Store_ID,Store_Name,Location
3072,"Holland, Fields and Alvarez",Hyderabad
3073,Freeman-Morton,Hyderabad
3074,"Moody, Carr and Davidson",Chennai
3075,"Wright, Dunlap and Shea",Kolkata
3076,"Wright, Dunlap and Shea",Delhi
3077,"Delacruz, Moreno and Hill",Bangalore
3078,Nguyen and Sons,Delhi
3079,"Best, Roberts and Malone",Chennai
3080,Roach Ltd,Pune
3081,Chambers-Richardson,Delhi
3082,Mccann-Ashley,Kolkata
3083,Johnson LLC,Hyderabad
3084,"Gibbs, Melton and Fields",Chennai
3085,Brock LLC,Pune
3086,Cross-Martinez,Mumbai
3087,Peterson-Black,Hyderabad
3088,Dominguez and Sons,Pune
3089,Hernandez Inc,Delhi
3090,Perkins LLC,Hyderabad
3091,"Harvey, Roy and Hendricks",Hyderabad
3092,Hernandez-Parker,Hyderabad
3093,"Copeland, Cunningham and Valenzuela",Kolkata
3094,Haynes LLC,Kolkata
3095,Combs-Smith,Mumbai
3096,Bass Inc,Pune
3097,Haynes LLC,Chennai
3098,Smith-Neal,Pune
3099,Patel-Hall,Bangalore
3000,"Miller, Pearson and Smith",Chennai
3001,Pineda-Jones,Bangalore
3002,Perkins LLC,Bangalore
3003,"Mcintosh, George and Campbell",Kolkata
3004,Blackburn-Torres,Mumbai
3005,Mendez LLC,Delhi
3006,"Miller, Pearson and Smith",Mumbai
3007,Chambers-Richardson,Mumbai
3008,"Scott, Zavala and Henderson",Mumbai
3009,"Wright, Dunlap and Shea",Kolkata
3010,Best-Smith,Pune
3011,Cross-Martinez,Delhi
3012,Gray LLC,Hyderabad
3013,Munoz-Williamson,Kolkata
3014,"Harvey, Roy and Hendricks",Mumbai
3015,"Kelly, Martinez and Carter",Delhi
3016,Smith-Garcia,Bangalore
3017,"Quinn, Meyers and Carter",Hyderabad
3018,"Cruz, Edwards and Butler",Bangalore
3019,Dominguez and Sons,Bangalore
3020,Grant-Diaz,Chennai
3021,Best Ltd,Pune
3022,"Nelson, Massey and Shaw",Kolkata
3023,"Miller, Pearson and Smith",Pune
3024,"Scott, Zavala and Henderson",Delhi
3025,Smith-Garcia,Pune
3026,Cochran Ltd,Chennai
3027,"Olson, Davis and Huffman",Kolkata
3028,"Dennis, Henry and Cross",Chennai
3029,Dawson and Sons,Bangalore
3030,"Wright, Dunlap and Shea",Kolkata
3031,"Walters, James and Delacruz",Kolkata
3032,"Owens, Pitts and Hogan",Chennai
3033,Tucker-Thompson,Hyderabad
3034,Boyd LLC,Hyderabad
3035,Morris-Garcia,Chennai
3036,King-Bailey,Pune
3037,Bass Inc,Hyderabad
3038,Lopez and Sons,Bangalore
3039,Dominguez and Sons,Hyderabad
3040,Roach Ltd,Pune
3041,Diaz LLC,Mumbai
3042,Cooper-Martin,Pune
3043,"Delacruz, Moreno and Hill",Delhi
3044,Bartlett-Price,Kolkata
3045,Howard PLC,Delhi
3046,Diaz-Nichols,Bangalore
3047,Brock LLC,Kolkata
3048,Pineda-Jones,Bangalore
3049,Williams-Wallace,Kolkata
3050,Alvarez Group,Delhi
3051,Rowland Group,Chennai
3052,Jones-Reilly,Pune
3053,"Dennis, Henry and Cross",Kolkata
3054,Carter PLC,Pune
3055,Nguyen and Sons,Kolkata
3056,Freeman-Morton,Chennai
3057,Best-Smith,Mumbai
3058,Trujillo-Richard,Bangalore
3059,"Baker, Anderson and Pearson",Bangalore
3060,Hernandez Inc,Bangalore
3061,Smith PLC,Mumbai
3062,Miller Inc,Delhi
3063,Alvarez Group,Pune
3064,Evans Ltd,Bangalore
3065,Williams-Wallace,Hyderabad
3066,Haynes LLC,Mumbai
3067,Blackburn-Torres,Bangalore
3068,White-Wallace,Mumbai
3069,Grant-Diaz,Bangalore
3070,"Wright, Dunlap and Shea",Delhi
3071,Mccann-Ashley,Pune
